{"cameraMode":{"drawMode":0,"name":"Shaded","section":"Shading Mode"},"sceneLighting":true,"audioPlay":false,"sceneViewState":{"showFog":true,"showMaterialUpdate":true,"showSkybox":true,"showFlares":true,"showImageEffects":true,"showParticleSystems":true},"in2DMode":false,"pivot":{"x":463.62152099609377,"y":270.5693054199219,"z":0.0},"rotation":{"x":-0.001695983111858368,"y":0.35002705454826357,"z":-0.0006335868965834379,"w":-0.9367378354072571},"size":262.4144592285156,"orthographic":false}