{"cameraMode":{"drawMode":0,"name":"Shaded","section":"Shading Mode"},"sceneLighting":true,"audioPlay":false,"sceneViewState":{"showFog":true,"showMaterialUpdate":true,"showSkybox":true,"showFlares":true,"showImageEffects":true,"showParticleSystems":true},"in2DMode":false,"pivot":{"x":657.866943359375,"y":343.84759521484377,"z":38.27433776855469},"rotation":{"x":0.14307300746440888,"y":-0.04096107557415962,"z":-0.005926385521888733,"w":-0.9888464212417603},"size":262.4144592285156,"orthographic":false}