{"cameraMode":{"drawMode":0,"name":"Shaded","section":"Shading Mode"},"sceneLighting":false,"audioPlay":false,"sceneViewState":{"showFog":true,"showMaterialUpdate":true,"showSkybox":false,"showFlares":true,"showImageEffects":true,"showParticleSystems":true},"in2DMode":false,"pivot":{"x":21.065105438232423,"y":-0.8106551766395569,"z":-41.01139831542969},"rotation":{"x":0.22974328696727754,"y":-0.05486012250185013,"z":-0.012972170487046242,"w":-0.9716172814369202},"size":79.10991668701172,"orthographic":false}