{"cameraMode":{"drawMode":0,"name":"Shaded","section":"Shading Mode"},"sceneLighting":false,"audioPlay":false,"sceneViewState":{"showFog":true,"showMaterialUpdate":true,"showSkybox":false,"showFlares":true,"showImageEffects":true,"showParticleSystems":true},"in2DMode":false,"pivot":{"x":0.7394086718559265,"y":0.5162054300308228,"z":11.532184600830079},"rotation":{"x":-0.104893259704113,"y":0.06469128280878067,"z":-0.006838025990873575,"w":-0.9923536777496338},"size":3.8697328567504885,"orthographic":false}